Server,Location
al.hideservers.net,Albania
ar.hideservers.net,Argentina
au.hideservers.net,Australia
melbourne.hideservers.net,Australia-Melbourne
perth.hideservers.net,Australia-Perth
sydney.hideservers.net,Australia-Sydney
at.hideservers.net,Austria
bd.hideservers.net,Bangladesh
be.hideservers.net,Belgium
br.hideservers.net,Brasil
bg.hideservers.net,Bulgaria
kh.hideservers.net,Cambodia
ca.hideservers.net,Canada
calgary.hideservers.net,Canada-Calgary
montreal.hideservers.net,Canada-Montreal
toronto.hideservers.net,Canada-Toronto
vancouver.hideservers.net,Canada-Vancouver
cl.hideservers.net,Chile
co.hideservers.net,Colombia
hr.hideservers.net,Croatia
cz.hideservers.net,Czech-Republic
dk.hideservers.net,Denmark
eg.hideservers.net,Egypt
fi2.hideservers.net,Finland
fi1.hideservers.net,Finland-Helsinki#1
fi2.hideservers.net,Finland-Helsinki#2
fr.hideservers.net,France
bordeaux.hideservers.net,France-Bordeaux
marseille.hideservers.net,France-Marseille
paris.hideservers.net,France-Paris
de.hideservers.net,Germany
berlin.hideservers.net,Germany-Berlin
frankfurt1.hideservers.net,Germany-Frankfurt#1
frankfurt2.hideservers.net,Germany-Frankfurt#2
gr.hideservers.net,Greece
hk.hideservers.net,Hong-Kong
hu.hideservers.net,Hungary
is.hideservers.net,Iceland
id.hideservers.net,Indonesia
ie.hideservers.net,Ireland
it.hideservers.net,Italy
milan.hideservers.net,Italy-Milan
palermo.hideservers.net,Italy-Palermo
jp.hideservers.net,Japan
lt.hideservers.net,Lithuania
lu.hideservers.net,Luxembourg
my.hideservers.net,Malaysia
mx.hideservers.net,Mexico
md.hideservers.net,Moldova
ma.hideservers.net,Morocco
nl.hideservers.net,Netherlands
amsterdam1.hideservers.net,Netherlands-Amsterdam#1
amsterdam2.hideservers.net,Netherlands-Amsterdam#2
nz.hideservers.net,New-Zealand
no.hideservers.net,Norway
pe.hideservers.net,Peru
ph.hideservers.net,Philippines
pl.hideservers.net,Poland
pt.hideservers.net,Portugal
ro.hideservers.net,Romania
rs.hideservers.net,Serbia
sg.hideservers.net,Singapore
sk.hideservers.net,Slovakia
za.hideservers.net,South-Africa
kr.hideservers.net,South-Korea
es.hideservers.net,Spain
barcelona.hideservers.net,Spain-Barcelona
madrid.hideservers.net,Spain-Madrid
se.hideservers.net,Sweden
ch.hideservers.net,Switzerland
zug.hideservers.net,Switzerland-Zug
zurich.hideservers.net,Switzerland-Zurich
tw.hideservers.net,Taiwan
th.hideservers.net,Thailand
tr.hideservers.net,Turkey
uk.hideservers.net,UK
london.hideservers.net,UK-London
manchester.hideservers.net,UK-Manchester
ua.hideservers.net,Ukraine
ae.hideservers.net,UAE
us.hideservers.net,US
phoenix.hideservers.net,US-Arizona
losangeles.hideservers.net,US-California
sanjose.hideservers.net,US-California
denver.hideservers.net,US-Colorado
miami.hideservers.net,US-Florida
atlanta.hideservers.net,US-Georgia
illinois.hideservers.net,US-Illinois
boston.hideservers.net,US-Massachusetts
detroit.hideservers.net,US-Michigan
kansascity.hideservers.net,US-Missouri
newyorkcity.hideservers.net,US-New-York
dallas.hideservers.net,US-Texas
houston.hideservers.net,US-Texas
saltlakecity.hideservers.net,US-Utah
seattle.hideservers.net,US-Washington
washington-dc.hideservers.net,US-Washington
vn.hideservers.net,Vietnam
